Viauy | Sign up;Viauy | Inscribirse;Viauy | Registro
Sign up;Registro;Registro
&#9679 Must be between 4 and 40 characters.<br>&#9679 You must put your first and last name with a space between them.;&#9679 Debe tener entre 4 y 40 caracteres.<br>&#9679 Debes poner tu nombre y apellido con un espacio entre ellos.;&#9679 Deve ter entre 4 e 40 caracteres.<br>&#9679 Você deve colocar seu nome e sobrenome com um espaço entre eles.;
Name & Lastname;Nombre y Apellido;Nome e Sobrenome
&#9679 Please enter a valid email address.;&#9679 Ingrese un correo electrónico valido.;&#9679 Insira um endereço de e-mail válido.
Email;Email;E-mail
&#9679 Please enter a valid 9 digit phone number.;&#9679 Ingrese un número de teléfono válido de 9 dígitos.;&#9679 Insira um número de telefone válido de 9 dígitos.
Phone Number;Número de Teléfono;Número de Telefone
&#9679 Between 8 and 30 characters.<br>&#9679 At least one lowercase letter.<br>&#9679 At least one uppercase letter.<br>&#9679 At least one number.;&#9679 Entre 8 y 30 caracteres.<br>&#9679 Al menos una letra minúscula.<br>&#9679 Al menos una letra mayúscula.<br>&#9679 Al menos un número.;&#9679 Entre 8 e 30 caracteres.<br>&#9679 Pelo menos uma letra minúscula.<br>&#9679 Pelo menos uma letra maiúscula.<br>&# 9679 Pelo menos um número.
Password;Contraseña;Senha
&#9679 Passwords must be the same.;&#9679 Las contraseñas deben ser iguales.;&#9679 As senhas devem ser as mesmas.
Password;Contraseña;Senha
&#9679 Email already exists;&#9679 Ese e-mail ya existe;&#9679 Esse e-mail já existe
E-mail;E-mail;E-mail
Name & Lastname;Nombre y Apellido;Nome e Sobrenome
Phone number;Número de teléfono;Número de telefone
E-mail;E-mail;E-mail
Password;Contraseña;Senha
Confirm password;Confirmar contraseña;Confirme sua senha
Sign up;Registrese;Registro
Already a member?;Ya eres usuario?;Já é um membro?
Log in;Iniciar sesión;Iniciar sessão