Viauy | Log in;Viauy | Iniciar sesión;Viauy | Iniciar sessão
Log in;Iniciar sesión;Iniciar sessão
&#9679 Please enter a valid email address.;&#9679 Ingrese un correo electrónico valido.;&#9679 Insira um endereço de e-mail válido.
E-mail;E-mail;E-mail
&#9679 Between 8 and 30 characters.<br>&#9679 At least one special character.<br>&#9679 At least one lowercase letter.<br>&#9679 At least one uppercase letter.<br>&#9679 At least one number.;&#9679 Entre 8 y 30 caracteres.<br>&#9679 Al menos un carácter especial.<br>&#9679 Al menos una letra minúscula.<br>&#9679 Al menos una letra mayúscula.<br>&#9679 Al menos un número.;&#9679 Entre 8 e 30 caracteres.<br>&#9679 Pelo menos um caractere especial.<br>&#9679 Pelo menos uma letra minúscula.<br>&#9679 Pelo menos uma letra maiúscula.<br>&#9679 Pelo menos um número.
Password;Contraseña;Senha
&#9679 Incorrect password or email. ;&#9679 Contraseña o correo electrónico incorrectos.;&#9679 Senha ou e-mail incorretos.
Password & E-mail;E-mail y contraseña;E-mail e senha
E-mail;E-mail;E-mail
Password;Contraseña;Senha
Log in;Iniciar sesión;Iniciar sessão
Not a member?;No eres miembro?;Não é um membro?
Sign up;Registro;Registro
Forgot password?;Olvido su contraseña?;Esqueceu sua senha?